{
  "meta": {
    "source": "U.S. Census Bureau API (ACS 5-year)",
    "dataset": "2024/acs/acs5",
    "pulled_at_utc": "2026-02-21T07:07:17Z",
    "geography": "state",
    "variables": {
      "B01001_001E": "population_total",
      "B19013_001E": "median_household_income",
      "B25064_001E": "median_gross_rent",
      "B25077_001E": "median_home_value",
      "B25003_001E": "housing_units_total",
      "B25003_002E": "owner_occupied",
      "B25003_003E": "renter_occupied",
      "B25034_001E": "housing_units_year_built_total",
      "B25034_010E": "built_2010_or_later"
    },
    "notes": "State-level ACS 5-year estimates. Year is auto-selected from recent candidates for robustness."
  },
  "data": [
    {
      "state_name": "Alabama",
      "state_fips": "01",
      "year": 2024,
      "population_total": 5086768,
      "median_household_income": 63999,
      "median_gross_rent": 1007,
      "median_home_value": 209900,
      "housing_units_total": 1997247,
      "owner_occupied": 1402155,
      "renter_occupied": 595092,
      "housing_units_year_built_total": 2337265,
      "built_2010_or_later": 80756,
      "renter_share": 0.2979561366220603
    },
    {
      "state_name": "Alaska",
      "state_fips": "02",
      "year": 2024,
      "population_total": 735706,
      "median_household_income": 92788,
      "median_gross_rent": 1419,
      "median_home_value": 352900,
      "housing_units_total": 270533,
      "owner_occupied": 180833,
      "renter_occupied": 89700,
      "housing_units_year_built_total": 328491,
      "built_2010_or_later": 4986,
      "renter_share": 0.33156768305530193
    },
    {
      "state_name": "Arizona",
      "state_fips": "04",
      "year": 2024,
      "population_total": 7378838,
      "median_household_income": 79964,
      "median_gross_rent": 1543,
      "median_home_value": 394500,
      "housing_units_total": 2856081,
      "owner_occupied": 1924098,
      "renter_occupied": 931983,
      "housing_units_year_built_total": 3192839,
      "built_2010_or_later": 47049,
      "renter_share": 0.32631532509056993
    },
    {
      "state_name": "Arkansas",
      "state_fips": "05",
      "year": 2024,
      "population_total": 3049391,
      "median_household_income": 60773,
      "median_gross_rent": 947,
      "median_home_value": 188000,
      "housing_units_total": 1205987,
      "owner_occupied": 800864,
      "renter_occupied": 405123,
      "housing_units_year_built_total": 1394673,
      "built_2010_or_later": 44603,
      "renter_share": 0.3359265066704699
    },
    {
      "state_name": "California",
      "state_fips": "06",
      "year": 2024,
      "population_total": 39287377,
      "median_household_income": 99122,
      "median_gross_rent": 2036,
      "median_home_value": 734700,
      "housing_units_total": 13548091,
      "owner_occupied": 7567568,
      "renter_occupied": 5980523,
      "housing_units_year_built_total": 14644735,
      "built_2010_or_later": 787955,
      "renter_share": 0.4414292020920143
    },
    {
      "state_name": "Colorado",
      "state_fips": "08",
      "year": 2024,
      "population_total": 5862189,
      "median_household_income": 95470,
      "median_gross_rent": 1761,
      "median_home_value": 539400,
      "housing_units_total": 2374218,
      "owner_occupied": 1571735,
      "renter_occupied": 802483,
      "housing_units_year_built_total": 2589053,
      "built_2010_or_later": 59512,
      "renter_share": 0.33799886952251224
    },
    {
      "state_name": "Connecticut",
      "state_fips": "09",
      "year": 2024,
      "population_total": 3624508,
      "median_household_income": 95781,
      "median_gross_rent": 1488,
      "median_home_value": 366900,
      "housing_units_total": 1434007,
      "owner_occupied": 952989,
      "renter_occupied": 481018,
      "housing_units_year_built_total": 1541822,
      "built_2010_or_later": 96711,
      "renter_share": 0.3354362984281109
    },
    {
      "state_name": "Delaware",
      "state_fips": "10",
      "year": 2024,
      "population_total": 1021191,
      "median_household_income": 84954,
      "median_gross_rent": 1401,
      "median_home_value": 352000,
      "housing_units_total": 402038,
      "owner_occupied": 293383,
      "renter_occupied": 108655,
      "housing_units_year_built_total": 464203,
      "built_2010_or_later": 16934,
      "renter_share": 0.27026052263716366
    },
    {
      "state_name": "District of Columbia",
      "state_fips": "11",
      "year": 2024,
      "population_total": 681294,
      "median_household_income": 109870,
      "median_gross_rent": 1954,
      "median_home_value": 737100,
      "housing_units_total": 324491,
      "owner_occupied": 134683,
      "renter_occupied": 189808,
      "housing_units_year_built_total": 361014,
      "built_2010_or_later": 34585,
      "renter_share": 0.5849407225470044
    },
    {
      "state_name": "Florida",
      "state_fips": "12",
      "year": 2024,
      "population_total": 22416077,
      "median_household_income": 74568,
      "median_gross_rent": 1669,
      "median_home_value": 359000,
      "housing_units_total": 8752810,
      "owner_occupied": 5918647,
      "renter_occupied": 2834163,
      "housing_units_year_built_total": 10256470,
      "built_2010_or_later": 178564,
      "renter_share": 0.32380035668545304
    },
    {
      "state_name": "Georgia",
      "state_fips": "13",
      "year": 2024,
      "population_total": 10940407,
      "median_household_income": 77353,
      "median_gross_rent": 1393,
      "median_home_value": 303300,
      "housing_units_total": 4074366,
      "owner_occupied": 2676357,
      "renter_occupied": 1398009,
      "housing_units_year_built_total": 4541835,
      "built_2010_or_later": 110969,
      "renter_share": 0.34312307730822417
    },
    {
      "state_name": "Hawaii",
      "state_fips": "15",
      "year": 2024,
      "population_total": 1445235,
      "median_household_income": 100389,
      "median_gross_rent": 1971,
      "median_home_value": 839100,
      "housing_units_total": 492453,
      "owner_occupied": 310247,
      "renter_occupied": 182206,
      "housing_units_year_built_total": 567896,
      "built_2010_or_later": 17636,
      "renter_share": 0.36999673065246835
    },
    {
      "state_name": "Idaho",
      "state_fips": "16",
      "year": 2024,
      "population_total": 1934262,
      "median_household_income": 77800,
      "median_gross_rent": 1238,
      "median_home_value": 418600,
      "housing_units_total": 713005,
      "owner_occupied": 514361,
      "renter_occupied": 198644,
      "housing_units_year_built_total": 795014,
      "built_2010_or_later": 27659,
      "renter_share": 0.2786011318293701
    },
    {
      "state_name": "Illinois",
      "state_fips": "17",
      "year": 2024,
      "population_total": 12694798,
      "median_household_income": 83390,
      "median_gross_rent": 1274,
      "median_home_value": 263300,
      "housing_units_total": 5036449,
      "owner_occupied": 3378910,
      "renter_occupied": 1657539,
      "housing_units_year_built_total": 5457452,
      "built_2010_or_later": 305095,
      "renter_share": 0.3291086636636249
    },
    {
      "state_name": "Indiana",
      "state_fips": "18",
      "year": 2024,
      "population_total": 6851073,
      "median_household_income": 71957,
      "median_gross_rent": 1062,
      "median_home_value": 218200,
      "housing_units_total": 2716009,
      "owner_occupied": 1916243,
      "renter_occupied": 799766,
      "housing_units_year_built_total": 2976568,
      "built_2010_or_later": 155256,
      "renter_share": 0.2944636781395054
    },
    {
      "state_name": "Iowa",
      "state_fips": "19",
      "year": 2024,
      "population_total": 3210507,
      "median_household_income": 75059,
      "median_gross_rent": 972,
      "median_home_value": 208000,
      "housing_units_total": 1315707,
      "owner_occupied": 943396,
      "renter_occupied": 372311,
      "housing_units_year_built_total": 1437699,
      "built_2010_or_later": 66133,
      "renter_share": 0.28297409681638847
    },
    {
      "state_name": "Kansas",
      "state_fips": "20",
      "year": 2024,
      "population_total": 2947197,
      "median_household_income": 74275,
      "median_gross_rent": 1060,
      "median_home_value": 217200,
      "housing_units_total": 1174060,
      "owner_occupied": 788409,
      "renter_occupied": 385651,
      "housing_units_year_built_total": 1293635,
      "built_2010_or_later": 66332,
      "renter_share": 0.3284763981397884
    },
    {
      "state_name": "Kentucky",
      "state_fips": "21",
      "year": 2024,
      "population_total": 4534824,
      "median_household_income": 63726,
      "median_gross_rent": 967,
      "median_home_value": 205600,
      "housing_units_total": 1814469,
      "owner_occupied": 1239908,
      "renter_occupied": 574561,
      "housing_units_year_built_total": 2023116,
      "built_2010_or_later": 80506,
      "renter_share": 0.31665517570154134
    },
    {
      "state_name": "Louisiana",
      "state_fips": "22",
      "year": 2024,
      "population_total": 4611961,
      "median_household_income": 60756,
      "median_gross_rent": 1064,
      "median_home_value": 216500,
      "housing_units_total": 1804780,
      "owner_occupied": 1216127,
      "renter_occupied": 588653,
      "housing_units_year_built_total": 2108902,
      "built_2010_or_later": 78768,
      "renter_share": 0.3261632996819557
    },
    {
      "state_name": "Maine",
      "state_fips": "23",
      "year": 2024,
      "population_total": 1387817,
      "median_household_income": 74733,
      "median_gross_rent": 1139,
      "median_home_value": 296600,
      "housing_units_total": 597159,
      "owner_occupied": 443573,
      "renter_occupied": 153586,
      "housing_units_year_built_total": 751876,
      "built_2010_or_later": 32808,
      "renter_share": 0.2571944825415007
    },
    {
      "state_name": "Maryland",
      "state_fips": "24",
      "year": 2024,
      "population_total": 6206011,
      "median_household_income": 103678,
      "median_gross_rent": 1705,
      "median_home_value": 419900,
      "housing_units_total": 2362928,
      "owner_occupied": 1597565,
      "renter_occupied": 765363,
      "housing_units_year_built_total": 2560784,
      "built_2010_or_later": 127483,
      "renter_share": 0.32390449476243033
    },
    {
      "state_name": "Massachusetts",
      "state_fips": "25",
      "year": 2024,
      "population_total": 7044056,
      "median_household_income": 103960,
      "median_gross_rent": 1762,
      "median_home_value": 562100,
      "housing_units_total": 2785042,
      "owner_occupied": 1741158,
      "renter_occupied": 1043884,
      "housing_units_year_built_total": 3030406,
      "built_2010_or_later": 155678,
      "renter_share": 0.37481804583198386
    },
    {
      "state_name": "Michigan",
      "state_fips": "26",
      "year": 2024,
      "population_total": 10077761,
      "median_household_income": 72875,
      "median_gross_rent": 1129,
      "median_home_value": 231600,
      "housing_units_total": 4076369,
      "owner_occupied": 2984190,
      "renter_occupied": 1092179,
      "housing_units_year_built_total": 4622236,
      "built_2010_or_later": 321245,
      "renter_share": 0.26792937538284683
    },
    {
      "state_name": "Minnesota",
      "state_fips": "27",
      "year": 2024,
      "population_total": 5739445,
      "median_household_income": 89062,
      "median_gross_rent": 1280,
      "median_home_value": 329300,
      "housing_units_total": 2307955,
      "owner_occupied": 1666687,
      "renter_occupied": 641268,
      "housing_units_year_built_total": 2545030,
      "built_2010_or_later": 104208,
      "renter_share": 0.2778511712750032
    },
    {
      "state_name": "Mississippi",
      "state_fips": "28",
      "year": 2024,
      "population_total": 2946779,
      "median_household_income": 56447,
      "median_gross_rent": 954,
      "median_home_value": 169800,
      "housing_units_total": 1145431,
      "owner_occupied": 801788,
      "renter_occupied": 343643,
      "housing_units_year_built_total": 1341114,
      "built_2010_or_later": 41114,
      "renter_share": 0.30001196056331636
    },
    {
      "state_name": "Missouri",
      "state_fips": "29",
      "year": 2024,
      "population_total": 6191814,
      "median_household_income": 70702,
      "median_gross_rent": 1033,
      "median_home_value": 230300,
      "housing_units_total": 2508227,
      "owner_occupied": 1708413,
      "renter_occupied": 799814,
      "housing_units_year_built_total": 2825287,
      "built_2010_or_later": 122321,
      "renter_share": 0.31887624206262033
    },
    {
      "state_name": "Montana",
      "state_fips": "30",
      "year": 2024,
      "population_total": 1116875,
      "median_household_income": 72509,
      "median_gross_rent": 1081,
      "median_home_value": 375800,
      "housing_units_total": 458859,
      "owner_occupied": 317400,
      "renter_occupied": 141459,
      "housing_units_year_built_total": 528419,
      "built_2010_or_later": 23570,
      "renter_share": 0.30828424417958455
    },
    {
      "state_name": "Nebraska",
      "state_fips": "31",
      "year": 2024,
      "population_total": 1978707,
      "median_household_income": 76475,
      "median_gross_rent": 1072,
      "median_home_value": 238600,
      "housing_units_total": 797847,
      "owner_occupied": 530878,
      "renter_occupied": 266969,
      "housing_units_year_built_total": 863444,
      "built_2010_or_later": 37205,
      "renter_share": 0.3346117739366069
    },
    {
      "state_name": "Nevada",
      "state_fips": "32",
      "year": 2024,
      "population_total": 3184612,
      "median_household_income": 78260,
      "median_gross_rent": 1597,
      "median_home_value": 435400,
      "housing_units_total": 1202593,
      "owner_occupied": 721197,
      "renter_occupied": 481396,
      "housing_units_year_built_total": 1326471,
      "built_2010_or_later": 13423,
      "renter_share": 0.4002983553039141
    },
    {
      "state_name": "New Hampshire",
      "state_fips": "33",
      "year": 2024,
      "population_total": 1394868,
      "median_household_income": 99031,
      "median_gross_rent": 1491,
      "median_home_value": 402500,
      "housing_units_total": 555822,
      "owner_occupied": 404453,
      "renter_occupied": 151369,
      "housing_units_year_built_total": 648472,
      "built_2010_or_later": 22243,
      "renter_share": 0.2723335888108063
    },
    {
      "state_name": "New Jersey",
      "state_fips": "34",
      "year": 2024,
      "population_total": 9343809,
      "median_household_income": 103556,
      "median_gross_rent": 1720,
      "median_home_value": 454400,
      "housing_units_total": 3507701,
      "owner_occupied": 2239128,
      "renter_occupied": 1268573,
      "housing_units_year_built_total": 3791354,
      "built_2010_or_later": 246754,
      "renter_share": 0.3616536871301174
    },
    {
      "state_name": "New Mexico",
      "state_fips": "35",
      "year": 2024,
      "population_total": 2120246,
      "median_household_income": 64059,
      "median_gross_rent": 1067,
      "median_home_value": 248100,
      "housing_units_total": 837414,
      "owner_occupied": 585937,
      "renter_occupied": 251477,
      "housing_units_year_built_total": 956964,
      "built_2010_or_later": 33327,
      "renter_share": 0.3003018817454688
    },
    {
      "state_name": "New York",
      "state_fips": "36",
      "year": 2024,
      "population_total": 19852366,
      "median_household_income": 85974,
      "median_gross_rent": 1621,
      "median_home_value": 423800,
      "housing_units_total": 7722646,
      "owner_occupied": 4196985,
      "renter_occupied": 3525661,
      "housing_units_year_built_total": 8585241,
      "built_2010_or_later": 656472,
      "renter_share": 0.45653536365644626
    },
    {
      "state_name": "North Carolina",
      "state_fips": "37",
      "year": 2024,
      "population_total": 10730404,
      "median_household_income": 72388,
      "median_gross_rent": 1228,
      "median_home_value": 288900,
      "housing_units_total": 4282345,
      "owner_occupied": 2853493,
      "renter_occupied": 1428852,
      "housing_units_year_built_total": 4895668,
      "built_2010_or_later": 149880,
      "renter_share": 0.33366111324519626
    },
    {
      "state_name": "North Dakota",
      "state_fips": "38",
      "year": 2024,
      "population_total": 784841,
      "median_household_income": 76657,
      "median_gross_rent": 954,
      "median_home_value": 249900,
      "housing_units_total": 331063,
      "owner_occupied": 208084,
      "renter_occupied": 122979,
      "housing_units_year_built_total": 377281,
      "built_2010_or_later": 13479,
      "renter_share": 0.3714670621603743
    },
    {
      "state_name": "Ohio",
      "state_fips": "39",
      "year": 2024,
      "population_total": 11810293,
      "median_household_income": 71389,
      "median_gross_rent": 1034,
      "median_home_value": 214800,
      "housing_units_total": 4863191,
      "owner_occupied": 3267904,
      "renter_occupied": 1595287,
      "housing_units_year_built_total": 5292391,
      "built_2010_or_later": 295103,
      "renter_share": 0.32803297258939657
    },
    {
      "state_name": "Oklahoma",
      "state_fips": "40",
      "year": 2024,
      "population_total": 4028634,
      "median_household_income": 65039,
      "median_gross_rent": 1014,
      "median_home_value": 199800,
      "housing_units_total": 1562389,
      "owner_occupied": 1027837,
      "renter_occupied": 534552,
      "housing_units_year_built_total": 1775127,
      "built_2010_or_later": 84551,
      "renter_share": 0.34213758545407064
    },
    {
      "state_name": "Oregon",
      "state_fips": "41",
      "year": 2024,
      "population_total": 4254293,
      "median_household_income": 83011,
      "median_gross_rent": 1525,
      "median_home_value": 477600,
      "housing_units_total": 1718422,
      "owner_occupied": 1087983,
      "renter_occupied": 630439,
      "housing_units_year_built_total": 1857992,
      "built_2010_or_later": 92722,
      "renter_share": 0.36687088503289644
    },
    {
      "state_name": "Pennsylvania",
      "state_fips": "42",
      "year": 2024,
      "population_total": 13018639,
      "median_household_income": 77971,
      "median_gross_rent": 1209,
      "median_home_value": 254500,
      "housing_units_total": 5274853,
      "owner_occupied": 3656971,
      "renter_occupied": 1617882,
      "housing_units_year_built_total": 5806452,
      "built_2010_or_later": 404460,
      "renter_share": 0.30671603549899873
    },
    {
      "state_name": "Rhode Island",
      "state_fips": "44",
      "year": 2024,
      "population_total": 1101801,
      "median_household_income": 87796,
      "median_gross_rent": 1342,
      "median_home_value": 404200,
      "housing_units_total": 441570,
      "owner_occupied": 281002,
      "renter_occupied": 160568,
      "housing_units_year_built_total": 485932,
      "built_2010_or_later": 30096,
      "renter_share": 0.3636297755735218
    },
    {
      "state_name": "South Carolina",
      "state_fips": "45",
      "year": 2024,
      "population_total": 5296225,
      "median_household_income": 69324,
      "median_gross_rent": 1180,
      "median_home_value": 259000,
      "housing_units_total": 2117989,
      "owner_occupied": 1522121,
      "renter_occupied": 595868,
      "housing_units_year_built_total": 2443039,
      "built_2010_or_later": 63566,
      "renter_share": 0.2813366830517061
    },
    {
      "state_name": "South Dakota",
      "state_fips": "46",
      "year": 2024,
      "population_total": 907428,
      "median_household_income": 75081,
      "median_gross_rent": 946,
      "median_home_value": 257400,
      "housing_units_total": 365544,
      "owner_occupied": 250621,
      "renter_occupied": 114923,
      "housing_units_year_built_total": 408584,
      "built_2010_or_later": 15766,
      "renter_share": 0.3143889654870549
    },
    {
      "state_name": "Tennessee",
      "state_fips": "47",
      "year": 2024,
      "population_total": 7066383,
      "median_household_income": 69595,
      "median_gross_rent": 1189,
      "median_home_value": 286700,
      "housing_units_total": 2824277,
      "owner_occupied": 1890569,
      "renter_occupied": 933708,
      "housing_units_year_built_total": 3143670,
      "built_2010_or_later": 123373,
      "renter_share": 0.33060071657277246
    },
    {
      "state_name": "Texas",
      "state_fips": "48",
      "year": 2024,
      "population_total": 30188424,
      "median_household_income": 78476,
      "median_gross_rent": 1403,
      "median_home_value": 283800,
      "housing_units_total": 10992816,
      "owner_occupied": 6879255,
      "renter_occupied": 4113561,
      "housing_units_year_built_total": 12128515,
      "built_2010_or_later": 328029,
      "renter_share": 0.37420448045341614
    },
    {
      "state_name": "Utah",
      "state_fips": "49",
      "year": 2024,
      "population_total": 3392331,
      "median_household_income": 95166,
      "median_gross_rent": 1496,
      "median_home_value": 489400,
      "housing_units_total": 1124822,
      "owner_occupied": 790144,
      "renter_occupied": 334678,
      "housing_units_year_built_total": 1223468,
      "built_2010_or_later": 36427,
      "renter_share": 0.29753863277923087
    },
    {
      "state_name": "Vermont",
      "state_fips": "50",
      "year": 2024,
      "population_total": 647106,
      "median_household_income": 81203,
      "median_gross_rent": 1234,
      "median_home_value": 316600,
      "housing_units_total": 273416,
      "owner_occupied": 200079,
      "renter_occupied": 73337,
      "housing_units_year_built_total": 339042,
      "built_2010_or_later": 10131,
      "renter_share": 0.2682249758609591
    },
    {
      "state_name": "Virginia",
      "state_fips": "51",
      "year": 2024,
      "population_total": 8705170,
      "median_household_income": 93170,
      "median_gross_rent": 1579,
      "median_home_value": 383700,
      "housing_units_total": 3365732,
      "owner_occupied": 2266609,
      "renter_occupied": 1099123,
      "housing_units_year_built_total": 3684756,
      "built_2010_or_later": 153664,
      "renter_share": 0.32656283982206546
    },
    {
      "state_name": "Washington",
      "state_fips": "53",
      "year": 2024,
      "population_total": 7816116,
      "median_household_income": 98141,
      "median_gross_rent": 1760,
      "median_home_value": 564600,
      "housing_units_total": 3064820,
      "owner_occupied": 1954777,
      "renter_occupied": 1110043,
      "housing_units_year_built_total": 3306620,
      "built_2010_or_later": 140314,
      "renter_share": 0.3621886440312971
    },
    {
      "state_name": "West Virginia",
      "state_fips": "54",
      "year": 2024,
      "population_total": 1778373,
      "median_household_income": 59608,
      "median_gross_rent": 872,
      "median_home_value": 162600,
      "housing_units_total": 728655,
      "owner_occupied": 545595,
      "renter_occupied": 183060,
      "housing_units_year_built_total": 861325,
      "built_2010_or_later": 57039,
      "renter_share": 0.25123000596990347
    },
    {
      "state_name": "Wisconsin",
      "state_fips": "55",
      "year": 2024,
      "population_total": 5914872,
      "median_household_income": 77485,
      "median_gross_rent": 1087,
      "median_home_value": 266500,
      "housing_units_total": 2479480,
      "owner_occupied": 1682214,
      "renter_occupied": 797266,
      "housing_units_year_built_total": 2778572,
      "built_2010_or_later": 146155,
      "renter_share": 0.3215456466678497
    },
    {
      "state_name": "Wyoming",
      "state_fips": "56",
      "year": 2024,
      "population_total": 582397,
      "median_household_income": 76176,
      "median_gross_rent": 992,
      "median_home_value": 309700,
      "housing_units_total": 243318,
      "owner_occupied": 174619,
      "renter_occupied": 68699,
      "housing_units_year_built_total": 277141,
      "built_2010_or_later": 11425,
      "renter_share": 0.28234244897623684
    },
    {
      "state_name": "Puerto Rico",
      "state_fips": "72",
      "year": 2024,
      "population_total": 3234309,
      "median_household_income": 26297,
      "median_gross_rent": 578,
      "median_home_value": 131500,
      "housing_units_total": 1290866,
      "owner_occupied": 876586,
      "renter_occupied": 414280,
      "housing_units_year_built_total": 1634357,
      "built_2010_or_later": 58723,
      "renter_share": 0.3209318395557711
    }
  ]
}