{
  "meta": {
    "state": "CO",
    "hud_income_limits_year": 2025,
    "acs_year": 2023,
    "generated_at": "1970-01-01"
  },
  "bands": [
    30,
    40,
    50,
    60,
    70,
    80,
    100
  ],
  "statewide": {
    "fips": "08",
    "county_name": "Colorado (statewide)",
    "ami_4person": null,
    "affordable_rent_monthly": {},
    "households_le_ami_pct": {},
    "units_priced_affordable_le_ami_pct": {},
    "gap_units_minus_households_le_ami_pct": {},
    "coverage_le_ami_pct": {}
  },
  "counties": [],
  "methodology": [
    "This is a placeholder file. Deploy the serverless endpoint and point APP_CONFIG.AMI_GAP_API_URL to it."
  ],
  "sources": []
}