{
  "updated": "static-fallback",
  "source_url": "https://cdola.colorado.gov/commitment-filings",
  "jurisdictions": [
    {
      "name": "City and County of Denver",
      "type": "City/County",
      "required_commitment": "See DOLA filings",
      "source_url": "https://cdola.colorado.gov/commitment-filings",
      "kind": "county"
    },
    {
      "name": "Boulder County",
      "type": "County",
      "required_commitment": "See DOLA filings",
      "source_url": "https://cdola.colorado.gov/commitment-filings",
      "kind": "county"
    }
  ]
}